idx,lower,upper,steps,time
1, -7.53167200088501, -5.665043739658946, 1, 4.36262039
2, -4.603133678436279, -2.9691610548164014, 1, 0.778476972
3, -4.359286546707153, 2.3922363867785528, 42, 60.715164094
4, -4.991723537445068, -4.511128218782735, 1, 0.737558101
5, -5.647806167602539, -3.8595771581933507, 1, 0.781296657
6, -6.265564203262329, -2.294085465119558, 1, 1.152172942
7, -5.345889568328857, -2.2663236113220524, 1, 0.765816319
8, -4.0473291873931885, -0.3554271731050811, 1, 0.745690995
9, -0.7881460189819336, 1.2180325065118307, 47, 61.44651956
10, -5.360940933227539, -2.375564643977926, 1, 0.621110074
11, -7.859635233879089, -7.0478269833990055, 1, 0.747586721
12, -5.6224119663238525, -3.1719023458611884, 1, 0.761880668
13, -4.1391119956970215, -0.8735522486628673, 1, 0.627501316
14, -6.124172687530518, -5.140584124078197, 1, 0.747460704
15, -7.3025336265563965, -5.1942577373106555, 1, 0.779337082
16, -3.0530552864074707, -0.8734120748569785, 1, 0.774488528
17, -5.229419231414795, -3.81171507915975, 1, 0.771565384
18, -6.020600080490112, -4.681044096589161, 1, 0.688649412
20, -5.354046821594238, -3.1739861061945676, 1, 1.08728322
22, -6.315873622894287, -3.995262377763255, 1, 0.762988912
23, 0.9903044700622559, 3.208748298309121, 1, 0.791774725
24, -6.6450114250183105, -4.387592080270551, 1, 0.785336553
25, -4.645686626434326, -1.7398953756943163, 1, 0.822445819
26, -8.184112548828125, -7.93124228897301, 1, 0.743240021
27, -4.237263202667236, -0.32990400190230407, 1, 0.655502399
28, -5.106672763824463, -3.5285476604060504, 1, 0.837390347
29, -8.103246569633484, -7.160405720946724, 1, 1.108369809
30, -5.646548748016357, -1.684742571785125, 1, 0.809400011
31, -6.941299676895142, -4.380622869466193, 1, 0.786586778
32, -3.4673163890838623, 1.8307687301022435, 42, 60.343549329
33, -9.128043055534363, -7.799503232395169, 1, 0.768127219
35, -6.0500898361206055, -4.476415145473231, 1, 0.766068685
36, -6.535538196563721, -4.966264105012977, 1, 0.777871535
37, -3.4091134071350098, -1.8342050537345531, 1, 0.63897209
38, -6.352149248123169, -2.783075064409725, 1, 0.793760043
39, -1.8527069091796875, 1.8145932680485357, 47, 60.363766494
40, -5.530533313751221, -2.6497392996189175, 1, 0.785794878
41, -4.775336980819702, 2.453576704023712, 44, 60.204693416
42, -3.834810256958008, -1.5304552232215123, 1, 0.628357318
43, -3.8053832054138184, -1.9496407760697427, 1, 0.77236224
45, -5.1966938972473145, -2.402096354026038, 1, 0.782607796
46, -0.005002498626708984, 4.940440020835376, 46, 60.196160233
47, -0.06276655197143555, 1.4826122024998436, 49, 61.699369427
48, -3.5801329612731934, -0.09110938980248307, 1, 0.744896827
49, -4.146320581436157, -3.416172822078277, 1, 0.751711371
50, -5.15958833694458, -3.9421192754419634, 1, 0.77151046
51, -4.263118743896484, -0.00366942586965191, 3, 3.510925877
52, -4.347979784011841, -2.9899134445616085, 1, 0.753366058
53, -4.966036796569824, -2.170187585541973, 1, 0.780443352
54, -3.5133581161499023, -0.25117973643518265, 1, 0.800723813
55, -6.838751792907715, -5.668342173094259, 1, 0.754306472
56, -5.478385925292969, -3.7816795645011245, 1, 0.776505012
57, -6.278735399246216, -5.396470304597629, 1, 1.189565009
58, -4.5091564655303955, 1.0186545283724282, 48, 60.351114554
59, -4.223321437835693, -2.683368692009749, 1, 0.63372469
60, -0.9996633529663086, 5.469675303801784, 47, 60.66542941
61, -2.6531877517700195, 0.12732070022542663, 46, 60.05992922
62, -0.9954628944396973, 1.1133183204087325, 49, 60.001442731
63, -2.2006020545959473, 4.52273610514034, 46, 60.882715757
64, -4.106511116027832, -1.4610176791014164, 1, 0.786153229
65, -3.2479135990142822, -2.168220562664432, 1, 0.617566765
66, 0.7765216827392578, 5.210400839284266, 1, 0.79889867
67, -4.415700554847717, -0.20238111451634655, 1, 0.796861523
68, -6.528690576553345, -4.651619565828341, 1, 0.781672401
69, -5.687839984893799, -4.876005886997022, 1, 0.748541914
70, -6.308128714561462, -4.696213631037286, 1, 0.762974595
71, -6.14151930809021, -2.74849638489189, 1, 0.647937528
72, -7.516734600067139, -7.156032397027284, 1, 0.748714508
73, -2.294018268585205, -1.2289927098915183, 1, 0.76321556
74, -0.8863472938537598, 0.9460201757633686, 48, 60.87945139
75, -5.312273740768433, -1.7588524063590345, 1, 0.734108003
76, -6.938097715377808, -4.721415222142058, 1, 0.614739442
77, -6.46832013130188, -4.362551917539075, 1, 0.79350313
78, -2.2663917541503906, 1.2501307088610014, 45, 60.536535527
79, -2.094916343688965, 1.53992159515803, 50, 60.235399065
80, -4.821531534194946, -3.2591305759601696, 1, 0.596670542
81, -3.8832364082336426, -1.619539121126269, 1, 0.637541661
82, -5.554899573326111, -2.337236262134039, 1, 0.848769565
83, -7.8743956089019775, -6.787195642061578, 1, 0.786066183
84, -3.3531289100646973, 0.8114439839938745, 46, 60.949891747
85, -4.231473922729492, -1.3806095797943558, 1, 0.750803034
86, -6.307982444763184, -5.687668412494665, 1, 0.762705017
87, -6.982924938201904, -5.107370435616378, 1, 0.602887527
88, -4.174992322921753, -2.920291893678184, 1, 0.766905448
89, -7.149501323699951, -5.049938659692485, 1, 0.800345269
90, -6.37310254573822, -1.3905763704608178, 1, 0.79455696
91, -5.7875025272369385, -4.717365699901411, 1, 0.769860069
92, -8.255048036575317, -5.533731059109004, 1, 0.793901643
93, -0.22661733627319336, 4.7868362211802395, 47, 60.710498102
94, -5.014305353164673, -3.4742142533904965, 1, 1.243401878
95, -2.439861536026001, -0.7196149191794707, 1, 0.723928617
96, -3.6799798011779785, -2.140097631435768, 1, 0.753278513
97, -1.166011095046997, 4.199787446591765, 47, 60.745435208
98, -1.0242435932159424, 1.0724833832288656, 46, 60.039461212
99, -2.743203639984131, -0.44064150909005084, 1, 0.778850101
100, -4.9673497676849365, -4.130922702271252, 1, 0.744999331
101, -5.633494853973389, -1.6738928339265975, 1, 0.766694429
102, -6.566840171813965, -5.685530032846177, 1, 0.736271618
103, -7.344762563705444, -5.760055094145614, 1, 0.748046105
104, -7.113839864730835, -6.092166855884612, 1, 0.770895164
105, -1.555305004119873, 1.0004224379693913, 46, 60.23274899
106, -4.93656063079834, -0.9426400105704102, 1, 0.66429905
107, -4.975660085678101, -3.862351665578241, 1, 0.749349992
108, -0.8695144653320312, 3.1804408629868046, 49, 60.429711259
109, -5.304857015609741, -3.060884001931316, 1, 0.792602594
110, -5.480583667755127, -3.933635418050147, 1, 0.75883504
111, -6.239445447921753, -5.222562904116183, 1, 0.786088203
112, -3.96630859375, -1.4801913315278092, 1, 0.776009102
113, -6.185506343841553, -4.186766174974881, 1, 0.765666749
114, -5.448580026626587, -3.7112816885965723, 1, 0.660161001
115, -4.839453220367432, -2.8047531425515553, 1, 0.767725398
116, -1.4823360443115234, 1.1174519171486414, 47, 61.070292576
117, -4.888870716094971, -0.9925037704731547, 1, 0.814654187
118, -5.759422063827515, -4.402040165070242, 1, 0.752547227
119, -3.450840473175049, -0.3516247353273876, 1, 0.759540314
120, -4.746941328048706, -3.5704069796487357, 1, 0.753384063
121, -2.9865293502807617, -2.310322424068356, 1, 0.73274305
122, -3.436375141143799, -1.5969199500264533, 1, 0.79674112
123, -3.5796403884887695, 0.0954345931637528, 46, 60.350208279
124, -8.132643580436707, -6.209456214130765, 1, 0.775914015
125, -4.188615560531616, -0.9233102871728782, 1, 0.628222522
126, -3.491440534591675, -1.862499334631396, 1, 0.761888904
127, -3.202301502227783, -1.3569708455310932, 1, 0.793006674
128, -8.335734128952026, -7.264460767157751, 1, 0.780106687
129, -8.127538084983826, -7.3310660975396695, 1, 0.735281547
130, -7.672703504562378, -6.175473463899847, 1, 0.803864798
131, -7.438441038131714, -5.436603167962504, 1, 0.752041166
132, -7.129952430725098, -6.120890229520988, 1, 0.782607884
133, -3.7421107292175293, -2.945710738339152, 1, 0.735715304
134, -3.350008964538574, -1.8364203557852674, 1, 0.776412175
135, -6.665332078933716, -5.551471017129258, 1, 0.762440628
136, -7.151612877845764, -4.770749161685115, 1, 0.795033255
137, -7.105345726013184, -6.149396168672135, 1, 0.769056456
138, -4.914917230606079, -2.485192478664667, 1, 0.805620447
139, -8.528626680374146, -6.245034556683795, 1, 0.760543198
140, -0.020895004272460938, 3.4725936598753737, 47, 61.19473926
141, -6.212296009063721, 0.3500813699956975, 45, 60.573962465
142, -5.777391195297241, -3.2358615600775087, 1, 0.67095813
144, -6.599238872528076, -1.4643499614074749, 1, 0.793740556
145, -5.243001699447632, -3.5963310853198367, 1, 0.580593475
146, -6.0515100955963135, -1.176851410767842, 1, 0.854172795
147, -5.045668840408325, -4.050016997285447, 1, 0.755697557
148, -6.389833211898804, -5.416941740526946, 1, 0.764672833
149, -7.124673843383789, -6.067109547944856, 1, 0.813263092
150, 1.0374524593353271, 3.3505696721543736, 1, 0.772985215
151, -6.142667531967163, -5.1165187741234135, 1, 0.802133679
153, -6.219429969787598, -3.2401778722562913, 1, 0.802973366
154, -1.9165735244750977, 1.050966270814273, 47, 60.877280185
155, -5.88546895980835, -1.759752773639856, 1, 1.537984026
156, -6.7211761474609375, -4.71493355388175, 1, 0.716987749
157, -3.648606777191162, -0.8414597092731917, 1, 0.81025732
158, -5.4606773853302, -3.6003676594387715, 1, 0.725173876
159, -0.2591891288757324, 2.1054458671645175, 49, 61.089249679
160, -4.388858318328857, -0.22025606534755937, 1, 1.530529423
161, -6.090074062347412, -5.048686186221623, 1, 0.725071818
162, -6.036202430725098, -1.984543785236804, 1, 0.798152374
163, -7.520180702209473, -7.061866084077027, 1, 0.768040301
164, -4.108165740966797, -3.042598063812287, 1, 0.765091877
165, -4.934266567230225, -0.8762871386376316, 1, 0.781854732
166, -5.063251733779907, -2.8826119496713933, 1, 0.764367141
167, -4.552511215209961, -2.036739199598202, 1, 0.784561826
168, -2.232556104660034, 1.9165273426134517, 46, 60.806672165
169, -5.952999114990234, -3.291920560274062, 1, 0.829972487
170, -4.6213698387146, -2.6875414057327807, 1, 0.780034313
171, -4.493383884429932, -2.921125450257401, 1, 0.781314762
172, -1.7624850273132324, -0.29379045478088406, 1, 0.800158369
173, -0.745781421661377, 0.40721608299485323, 49, 60.497795088
174, -3.7381834983825684, -2.026395638742165, 1, 0.809061191
175, -7.261327028274536, -5.622866051837578, 1, 0.781390191
176, -3.0766689777374268, 2.5209449349085458, 44, 60.331642402
177, -5.343707084655762, -0.00038374204925872846, 30, 41.381250348
178, -5.862146615982056, -4.265552855438652, 1, 0.787835682
179, -7.130774259567261, -4.795685040125074, 1, 0.797378454
180, -5.917408227920532, -4.914043329058794, 1, 0.801336911
181, -6.018226861953735, -2.7372137670946826, 1, 0.808953365
182, -6.137272000312805, -4.623178299245673, 1, 0.765735951
183, -3.3509914875030518, 0.11059928434137323, 47, 60.63421798
184, -8.280988097190857, -7.741350272464196, 1, 0.769597818
185, -2.031310558319092, -0.4017570538330344, 1, 0.830855156
186, -0.32753610610961914, 0.7241705332830337, 46, 60.601423373
187, -3.112914562225342, -1.9625422522620575, 1, 0.765611268
188, -2.491067886352539, -0.15153547932514577, 1, 0.795486706
189, -8.330536842346191, -7.558925635946512, 1, 0.872757467
190, -2.1445436477661133, 3.5780334140065966, 44, 60.639365323
191, -4.493158578872681, -1.6732862323642554, 1, 0.786161506
192, -2.4650659561157227, 1.1615417438265685, 44, 60.189164771
193, -7.420567750930786, -6.2280478257854766, 1, 0.782764225
194, -1.945418357849121, 0.7059476804733844, 46, 60.948533171
195, -6.3558149337768555, -5.000860077324475, 1, 0.770735816
196, -0.1758565902709961, 6.620242938086893, 44, 61.078969927
197, -4.787260293960571, -2.44853203901615, 1, 0.810817401
198, -8.058559894561768, -6.545734968040232, 1, 0.846117659
199, -3.8621649742126465, -1.3612731599749206, 1, 0.807583594
200, -4.409303665161133, -3.4971738860698265, 1, 0.780695545
201, -0.6490540504455566, 0.08455524486891708, 47, 60.76144555
202, -7.462823390960693, -5.746834210648925, 1, 0.806074424
203, -6.2998833656311035, -1.6714516608778354, 1, 0.83730442
204, -6.727967381477356, -1.8890141600767798, 1, 0.85434878
205, -4.605963945388794, 1.8907858483598785, 43, 60.436424127
206, -5.859119892120361, -3.0164764563882143, 1, 0.801990303
207, -3.715766668319702, -1.5519780860757133, 1, 0.799195163
208, -4.757309913635254, -2.25580286835283, 1, 0.803330912
209, -8.248307466506958, -6.944502640023494, 1, 0.803528799
210, -3.287437677383423, -1.081587365312259, 1, 0.65176466
211, -4.225101947784424, -0.1874567742326949, 1, 0.865861118
212, 0.12755060195922852, 4.282094637933632, 1, 0.81920673
213, -4.736312627792358, -2.387066030199442, 1, 0.643173593
214, -3.1482391357421875, 0.08663201939561649, 46, 60.891943662
215, -2.4375903606414795, -1.4199597273742, 1, 0.785709919
216, -6.186426520347595, -5.360094190943237, 1, 0.841912321
217, -8.71196722984314, -7.633513627099429, 1, 0.785101299
218, 1.420860767364502, 4.171826611066057, 1, 0.816596715
219, -0.9871320724487305, 3.4685261907246776, 45, 60.675986675
220, -7.632032871246338, -6.179495233339697, 1, 0.794184499
221, -3.937760353088379, -2.242790673913535, 1, 0.792815292
222, -0.28437185287475586, 0.8048157171610884, 49, 60.040745232
223, -5.09537410736084, -4.3504357031755605, 1, 0.759029492
224, -5.506704807281494, -3.846806424872392, 1, 0.661070024
225, -2.981416702270508, 7.458887277904416, 44, 60.629135394
226, -3.6994242668151855, -2.434544344096337, 1, 0.851131814
227, -5.686527729034424, -4.816823036088921, 1, 0.783685042
228, -4.968950510025024, -1.2338927498945167, 1, 0.827242788
229, -6.331178903579712, -3.136569184599682, 1, 0.809634405
230, -5.857763767242432, -3.272830644048398, 1, 0.674183754
231, -3.766608476638794, -1.8055139218421523, 1, 0.789760655
232, -5.317020893096924, -1.2953953025284637, 1, 0.808270628
233, -1.7711668014526367, -0.02074925223279589, 1, 0.793785875
234, 0.7045185565948486, 2.9213327634580337, 1, 0.785302856
235, -3.881834030151367, -1.6798095710965906, 1, 0.812162256
236, -3.477466106414795, 0.3273485872148978, 46, 60.98257468
237, -3.35931396484375, -2.4124088682087077, 1, 0.800561594
238, -5.583608627319336, -2.2030038019403335, 1, 0.817177742
239, -5.906364440917969, -4.855287550646921, 1, 0.794229801
240, -7.002312898635864, -4.425818350740237, 1, 0.821373415
241, -6.170625686645508, -5.078824486862792, 1, 0.803183549
243, -4.62411642074585, -3.811628669986831, 1, 0.779208936
244, -2.163351058959961, 1.5335361091896749, 47, 60.680186265
245, -1.1714344024658203, 0.757690550754416, 46, 61.001645412
246, -2.1315464973449707, 2.3922405511175966, 44, 60.568792054
247, -3.90555739402771, -3.329692418430838, 1, 0.783185965
249, -7.1747660636901855, -6.419845311955511, 1, 0.778526298
250, -2.8481674194335938, 0.713980566346502, 45, 60.868991144
251, -0.9423456192016602, 0.35824612801632094, 47, 60.326230037
252, -0.5081295967102051, 5.7176149345038985, 44, 61.207329079
253, -5.873214960098267, -2.54367668720415, 1, 0.672394387
254, -6.797380208969116, -4.619447136013262, 1, 0.780615423
255, -5.69026517868042, -3.074308108725956, 1, 0.67038756
256, -3.2872138023376465, -1.5736863287710827, 1, 0.815412988
257, -3.32841157913208, -1.3197998172330756, 1, 0.809203789
258, -2.9846396446228027, -1.4917947871473891, 1, 0.801394851
259, -6.304196119308472, -4.733581738446105, 1, 0.800770669
261, -7.266773581504822, -5.932112379854891, 1, 0.800572828
262, -3.3253679275512695, 0.7314761018346028, 46, 60.974454187
263, -6.420929908752441, -4.544765208886761, 1, 0.660700387
264, -5.164267539978027, -2.4492466905345935, 1, 0.662233
265, -1.9635593891143799, 0.8487869454732899, 46, 60.974094688
266, -7.322335600852966, -5.656342360151006, 1, 0.743339385
267, -2.1935226917266846, -1.1621595107187597, 1, 0.722444272
268, -7.354806900024414, -5.285147473739116, 1, 0.85255618
269, -2.6743242740631104, -1.2473651788840927, 1, 0.72320672
270, -5.408647418022156, -2.6758940674582523, 1, 0.879929326
271, -4.931642293930054, -3.124413345274139, 1, 0.810025227
272, -5.26083517074585, -4.65635222818241, 1, 0.728111989
273, -7.006941556930542, -4.144436789857763, 1, 0.837195218
274, -1.5251679420471191, 0.14695632810645964, 49, 60.815085225
275, -3.4874114990234375, -1.8100300177916715, 1, 0.791202725
276, -3.3151402473449707, -0.3689459828337913, 1, 0.807402528
277, -6.9757678508758545, -4.456127527147476, 1, 0.812141436
278, -4.5752575397491455, -4.084353622126539, 1, 0.788000642
279, -5.411675214767456, -3.8037214793731997, 1, 0.793051358
280, -6.791564702987671, -3.1843371443159567, 1, 0.847988971
281, -4.70721697807312, -3.075777945125041, 1, 0.762593839
282, -5.072800874710083, -3.6858006438351207, 1, 0.809692599
283, -1.9218072891235352, -0.03776602539398377, 1, 0.827476683
284, -5.9376702308654785, 0.5376654373975978, 46, 62.021691142
285, -5.1405909061431885, -3.9634518708202586, 1, 0.750492286
286, -5.746993541717529, -4.444575753503921, 1, 0.731752203
287, -5.000686168670654, -1.8524187365790317, 1, 0.874482863
288, -4.1408607959747314, -2.014822717414119, 1, 0.599770948
289, -2.9627153873443604, -0.21247963542997228, 1, 0.820609551
290, -0.8896031379699707, 3.0993599341464066, 49, 61.119800692
291, -1.593721866607666, 0.12048473438800489, 48, 60.80491051
292, -4.750246524810791, -3.146167628798325, 1, 0.822480761
293, -5.519778490066528, -3.898101178265961, 1, 0.810450932
294, -2.719787120819092, -1.8230487919533218, 1, 0.792317326
295, -5.555475234985352, -3.8615206565995726, 1, 0.801038632
296, -5.298248291015625, -3.9875406269235025, 1, 0.803789782
297, -8.388159275054932, -7.934320443863977, 1, 0.784807083
298, -7.134232997894287, -5.6033467671228046, 1, 0.748935053
299, -2.874546527862549, -1.8087064912930653, 1, 0.810837453
300, -4.203261613845825, -2.8767850517766917, 1, 0.809598591
301, -3.2103183269500732, 0.7473702321185183, 46, 61.420664425
302, -5.249548673629761, -3.5038389360491493, 1, 0.737619501
303, -7.221303820610046, -4.831671303235324, 1, 0.875336159
304, -2.9633655548095703, 2.074655280173065, 47, 60.76012621
305, -2.0698671340942383, -0.1655574337403083, 1, 0.811272463
306, -1.350778579711914, 0.19899008427114273, 47, 60.430082203
307, -5.581618547439575, -3.506003080776824, 1, 0.817713156
308, -3.121704578399658, -1.4262964487742402, 1, 0.743005218
309, -4.4633800983428955, -2.975794391105767, 1, 0.812500014
310, -5.235748529434204, -2.40100289116642, 1, 0.82649537
311, -6.4937591552734375, -4.507993625843647, 1, 0.825213247
312, -7.134921550750732, -6.784928982056181, 1, 0.773650048
313, -7.062749862670898, -6.580622749302562, 1, 0.785161736
314, -3.765976905822754, -2.0248115961730924, 1, 0.813936507
315, -7.6785982847213745, -5.977849031191803, 1, 0.82131234
316, -3.385983467102051, -2.1168097424875643, 1, 0.728419687
317, -7.601459264755249, -4.421918023982786, 1, 0.83105715
320, -2.180828094482422, -0.5751998286980955, 1, 0.812168206
323, -6.845402717590332, -4.434032960716935, 1, 0.670359825
324, -8.237854719161987, -6.082932359522609, 1, 0.818764195
325, -1.4516561031341553, 1.0280256311951517, 45, 60.599625248
326, -4.051096677780151, -0.18475266986359173, 1, 0.819957644
327, 0.4564802646636963, 3.3963530431919624, 1, 0.835081322
328, -6.967536926269531, -6.67920263399072, 1, 0.791315796
329, -7.458211898803711, -5.053013844684523, 1, 0.748530803
330, -7.2787766456604, -5.600407343652993, 1, 0.837428386
331, -7.445332050323486, -5.057334682175146, 1, 0.841647142
332, -4.132729768753052, -0.9170376424816724, 1, 0.8507166
333, -6.812208414077759, -4.410490634051881, 1, 0.833089769
334, -5.812106370925903, -4.16661945079372, 1, 0.811664513
335, -7.284621238708496, -5.086067142794679, 1, 0.828095028
336, -4.137294054031372, -1.3248769104309384, 1, 0.833790042
337, -2.159318447113037, -0.23158120827051976, 1, 0.732056506
338, -4.438267707824707, -1.5303073748723075, 1, 0.685021536
339, -2.6371188163757324, -1.39493709083537, 1, 0.80018721
340, -2.13218092918396, 0.9756472010907702, 46, 61.146852278
343, -6.863908767700195, -4.57285173538294, 1, 0.829179839
344, -4.284806728363037, -3.509632003426156, 1, 0.793428074
345, -6.299726247787476, -4.025881010598334, 1, 0.809466335
346, -6.910508155822754, -4.397895774902937, 1, 0.82896571
347, -6.070254325866699, -4.249574736319004, 1, 0.803382963
348, -6.076606035232544, -5.144693604109362, 1, 0.722927436
349, -6.198427200317383, -3.3317258916635444, 1, 0.831028964
350, -1.3998150825500488, 0.49247287500282155, 45, 61.328543948
351, -2.6504836082458496, -0.8549528461706952, 1, 0.818360453
352, -6.4510321617126465, -5.855074119937246, 1, 0.857375908
354, -3.5059704780578613, -2.5034024803868666, 1, 0.78348019
355, -5.785033941268921, -0.5904699251459249, 1, 0.837188573
356, -5.6598060131073, -4.123682520416319, 1, 0.736807613
357, -8.104729652404785, -7.019391178722551, 1, 0.802567408
358, -4.887312889099121, 2.0778487713013494, 49, 61.045162927
359, -1.741318702697754, 3.970164280187763, 48, 61.248247804
360, -2.5203821659088135, -0.21757542222518955, 1, 0.807319217
361, -4.119136571884155, -3.132882384191839, 1, 0.799588138
362, -8.90291452407837, -6.512048870461072, 1, 0.816794992
363, -0.7625088691711426, 0.49328654061917243, 49, 60.447895721
364, -2.7976720333099365, 0.4371690112082929, 45, 61.191200102
365, -4.204893112182617, -2.3164374072669247, 1, 0.802704793
366, -5.7615966796875, -3.5124724282278845, 1, 0.83120795
367, -1.355154275894165, 2.869204393096519, 46, 60.835219287
368, -4.539247274398804, -2.6427914481521966, 1, 0.757867931
369, -5.21730899810791, -0.14091361560656157, 1, 0.848901871
370, -4.293081521987915, -2.704637508438337, 1, 0.839231075
371, -4.269351005554199, -1.5179388625705972, 1, 0.675326927
372, -5.257309198379517, -4.083691614109683, 1, 0.812110486
373, -2.3291518688201904, -0.5987335980292507, 1, 0.743893837
374, -3.2894647121429443, -1.0337175762752633, 1, 0.828646691
375, -5.745492696762085, -4.666317220227575, 1, 0.825000642
376, -9.124390363693237, -8.307782111621043, 1, 0.801382838
377, 1.4848237037658691, 5.6600569476826355, 1, 0.836576469
378, -5.387367248535156, -1.1632911004665, 1, 0.835680196
379, -7.094151854515076, -2.791223511380614, 1, 0.772032286
380, -4.802556276321411, -2.884607342077767, 1, 0.838286108
381, -2.699313163757324, -1.3348272482384544, 1, 0.817508509
382, 0.31417369842529297, 4.004170447013383, 1, 0.699676251
383, -3.6581294536590576, -2.3933859854399255, 1, 0.800310676
384, -5.178618431091309, -0.9854389660642449, 1, 0.696856198
385, -7.99494743347168, -6.176988415733875, 1, 0.75732542
386, -5.854633569717407, -1.3863089879569257, 1, 0.85875292
387, -2.6139469146728516, 0.9776356177816377, 48, 61.014324196
388, -4.832514762878418, -1.87421579603786, 1, 0.845001445
389, -4.993885636329651, 0.6119026209895235, 45, 60.6909698
390, -2.1882119178771973, 1.378876459663207, 49, 60.689649361
391, -7.221168279647827, -6.154439430088361, 1, 0.801497299
392, -0.3315396308898926, 0.7469078769710176, 46, 60.516260109
393, -6.077395439147949, -0.521670929369316, 1, 0.84596711
394, -4.55417799949646, -0.7137574476086668, 1, 0.853702566
395, -1.7412524223327637, 1.7886206581468782, 47, 60.28729182
396, -5.391947984695435, -3.9351448735998127, 1, 0.753265307
397, -5.9386146068573, -3.4573510432896004, 1, 0.828647368
398, -3.790832042694092, -1.384509210920772, 1, 0.757743574
399, -3.9551782608032227, -2.3892316920524492, 1, 0.839101066
400, -8.115809321403503, -7.026450856534444, 1, 0.815597441
401, -3.511366367340088, -2.178020383770107, 1, 0.736092132
402, -4.2335145473480225, -2.0910026223221045, 1, 0.844016524
403, -3.5984766483306885, -2.7294920333960775, 1, 0.832816668
404, -2.601116180419922, 1.2006851466895827, 45, 60.160459111
405, -4.249576568603516, -3.174933303215893, 1, 0.821149088
406, -3.213128089904785, -1.382204001082226, 1, 0.737740642
407, 0.16009306907653809, 1.2752442864417248, 1, 0.811595576
408, -4.210108280181885, -3.1951864922024553, 1, 0.815084276
409, -6.504247665405273, -5.3585129668079725, 1, 0.81986469
410, -5.1470866203308105, -2.5373936563892605, 1, 0.846067732
411, -5.653002738952637, -4.468028390664685, 1, 0.614170321
412, -5.099368572235107, -2.752910828441455, 1, 0.846593925
414, -6.390708923339844, -5.379880776181828, 1, 0.675207443
415, -5.652295112609863, -3.0997654527590144, 1, 0.830033644
416, -5.025773763656616, -2.1093678115545007, 1, 0.691975265
417, -7.581039667129517, -4.486471725459152, 1, 0.770105806
418, 1.232144832611084, 4.684705425316757, 1, 0.701512195
419, -3.42059326171875, -2.110676915729695, 1, 0.835866328
420, -7.2461748123168945, -3.513151588126801, 1, 0.849474667
421, -2.422485113143921, 4.477187337486539, 45, 60.716266728
422, 0.7371029853820801, 2.5624228175025823, 1, 0.844812607
423, -4.92603063583374, -2.44262561644693, 1, 0.819818041
424, -5.365777015686035, -4.455063905117057, 1, 0.741589625
425, -5.185455322265625, -3.7295671445545238, 1, 0.838522366
426, -5.583424091339111, -1.4181397630684716, 1, 0.836152471
427, -4.794711351394653, -2.036953413290096, 1, 0.841834457
428, -6.942205786705017, -3.7527986965657876, 1, 0.848232732
429, -0.6857748031616211, 1.4924282900071502, 44, 61.037487769
430, -4.314488649368286, -1.6679445210722923, 1, 0.767184614
431, -5.3242573738098145, -1.7379989786620431, 1, 0.87098759
432, -4.671964168548584, -2.0781544699564742, 1, 0.884986187
433, -3.4963927268981934, 1.055492251635921, 43, 60.39903023
434, -6.13042688369751, -4.171003242870727, 1, 0.75688998
435, -4.44007420539856, -0.8924888661735704, 1, 0.877198222
436, 0.3543086051940918, 2.2258503885496648, 1, 0.836359928
437, -4.534028053283691, -3.2663601571607983, 1, 0.781358002
438, -5.398244142532349, -4.888562957567917, 1, 0.816702555
439, -5.063502788543701, -2.934126767366597, 1, 0.717752116
440, -4.97992467880249, -0.6272938738341995, 1, 0.874094193
441, -6.54985499382019, -6.242099634011681, 1, 0.809814949
442, -6.521116733551025, -5.714772495683875, 1, 0.764339046
443, -8.238360404968262, -6.835539684177972, 1, 0.849554842
444, 1.3722496032714844, 6.399584132629347, 1, 0.893036891
445, -1.5385313034057617, -0.4907843671474381, 1, 0.844855423
447, -2.691359043121338, -1.7783898423486224, 1, 0.849641008
448, -3.8924129009246826, -2.0324244484828413, 1, 0.838857494
451, -3.199619770050049, -1.9789461896467038, 1, 0.759619153
452, -6.144286155700684, -5.173025298547034, 1, 0.840604063
453, -3.218632221221924, -0.35592171133365547, 1, 0.882244082
454, -4.459576368331909, -3.2633818305553173, 1, 0.84857816
455, -3.9817912578582764, -1.3880491921638205, 1, 0.695102117
456, -5.6870763301849365, -1.9824666918659286, 1, 0.866454821
457, -3.0946130752563477, 0.5092969399054166, 45, 61.425608278
458, -2.3962769508361816, 1.9822336428111322, 48, 60.194486342
459, -5.114496469497681, -3.095173633363587, 1, 0.86520105
460, -5.495015859603882, -4.020111290409032, 1, 0.847827811
461, 0.009645462036132812, 2.69372272947981, 1, 0.707546185
462, -7.255224227905273, -6.140951325519241, 1, 0.737472662
463, -3.009589910507202, -1.8955745570331684, 1, 0.826468448
464, -8.767218589782715, -7.488808203392061, 1, 0.830045935
465, -0.4796266555786133, 0.8211610066735466, 46, 60.320299368
466, -3.5635719299316406, -2.1248654506463573, 1, 0.819106698
467, -5.099673748016357, -3.6432575862868526, 1, 0.747201793
468, -4.382507801055908, -2.9244357961607674, 1, 0.853693734
469, -0.6043205261230469, 0.9874816802961881, 46, 60.303759376
470, -4.769941329956055, -4.012646270042952, 1, 0.830622366
471, -4.952925205230713, -3.097740385428733, 1, 0.847946658
472, -4.022884368896484, 2.2585979509269727, 44, 61.115053204
473, -4.543209552764893, -2.7008350739276787, 1, 0.744351746
474, -5.189727067947388, 2.3144600547519714, 43, 60.068930975
475, -6.029185771942139, -4.930610956991224, 1, 0.830658293
476, -4.576020240783691, -4.078587285309736, 1, 0.735900463
477, -6.841160535812378, -4.041130067860459, 1, 0.881329251
478, -5.069380044937134, -2.264563753199436, 1, 0.85272253
480, 0.537250280380249, 3.7899087809825245, 1, 0.757877154
481, -4.65236234664917, 0.640381721727195, 44, 61.134283393
482, -6.861382961273193, -5.328993276541571, 1, 0.846744269
483, -5.171251535415649, -1.7993508378278973, 1, 0.719001906
484, -3.077371120452881, 1.4919391995705684, 45, 60.316102441
485, -5.417579650878906, -3.5742046676649575, 1, 0.866687997
486, -5.9766316413879395, -4.653927244325579, 1, 0.84213216
487, -2.3588547706604004, -0.5163801898661875, 1, 0.743695781
488, -3.5098958015441895, -1.3132243314748804, 1, 0.709282707
489, -3.150668144226074, -0.14553694327529598, 1, 0.717197935
490, -4.357623100280762, 1.8424846499413894, 46, 60.290869637
491, -1.7923779487609863, 1.8586059738035092, 45, 60.982335563
492, -2.5727458000183105, 0.5316766497773111, 48, 60.937621324
493, -3.1838560104370117, -1.682996501055332, 1, 0.848803099
494, -6.838385820388794, -6.291179462853741, 1, 0.843716435
495, -7.613314628601074, -5.687793140504921, 1, 0.613365331
496, 1.022975206375122, 1.9662679438952173, 1, 0.833322908
497, -6.99161434173584, -5.16047716015116, 1, 0.85275628
498, -3.049274206161499, -1.1590266747774751, 1, 0.762623245
499, -4.1071343421936035, -2.3704032814884797, 1, 0.853160551
500, -1.8373260498046875, 6.461840387497335, 43, 61.48246926
501, -6.634694576263428, -5.897283538751708, 1, 0.719396179
502, -5.119446516036987, -4.560755379190471, 1, 0.829272602
503, 0.7173151969909668, 2.2618583095137814, 1, 0.845175039
504, -7.765371561050415, -6.7925891890957235, 1, 0.713976555
505, -5.885756731033325, -1.0770722756877067, 1, 0.878716151
506, -7.221595048904419, -5.992624666116351, 1, 0.828981302
507, -4.530211448669434, 1.227383991953288, 47, 60.755469795
508, -2.97938871383667, -1.1048379698981687, 1, 0.732657003
509, -0.9658637046813965, 2.504068632156013, 46, 61.077053875
510, -5.679756164550781, -4.001140598041356, 1, 0.752493001
511, -3.9494051933288574, -1.5700950775277827, 1, 0.855520408
512, -1.5458967685699463, 3.9185721321371902, 47, 60.771863707
513, -5.793791055679321, -2.8593793130331893, 1, 0.772908463
514, -3.2264719009399414, -2.6281757323374, 1, 0.833264896
515, -6.247547388076782, -5.496517379211022, 1, 0.716462083
516, -4.878215074539185, -2.200572529773728, 1, 0.88206298
517, -4.487131953239441, -2.464307949728413, 1, 0.947293492
518, -4.757205486297607, -2.9012784895779467, 1, 0.748970651
519, -5.874244451522827, -3.2918046833695755, 1, 0.868174708
520, -1.14906644821167, 1.94205154066608, 47, 60.975867452
521, -5.215245008468628, -1.188692083043132, 1, 0.876578413
522, -5.797413349151611, -2.9538813582201393, 1, 0.859914665
523, -2.0005269050598145, -0.0010933525007241762, 20, 26.049665758
524, -1.6086113452911377, 4.579840020356542, 46, 60.463160385
525, -2.0768229961395264, 0.010415758801010977, 45, 60.028819255
526, -6.619833469390869, -5.842365727895151, 1, 0.725228543
527, -3.173923969268799, -1.8862488753932798, 1, 0.845244796
528, -5.305758953094482, -4.710909368381045, 1, 0.732725589
529, -1.0057101249694824, 2.3475036217844165, 45, 60.594348177
530, -7.760091662406921, -6.09574925786251, 1, 0.753078422
531, -3.0398659706115723, -0.3088814015011305, 1, 0.879624225
532, -1.6992149353027344, 1.8099733905935511, 46, 61.060723417
533, -3.234142303466797, -0.036776119553844744, 1, 0.745651075
534, -7.412234306335449, -6.778082960810716, 1, 0.852293672
535, -5.6406919956207275, -2.8370357902718286, 1, 0.873884218
536, -7.468006134033203, -6.415468407187103, 1, 0.741304116
537, -1.289947509765625, 0.9176115301047028, 45, 61.219140282
538, -5.018404006958008, -0.6562316129911467, 1, 0.766856925
539, -4.7833251953125, 0.6101462922120886, 48, 61.019086143
540, -2.5266809463500977, -1.1885000256788745, 1, 0.844263783
541, -5.388306379318237, -4.687323127573244, 1, 0.728972952
542, -6.142489910125732, -5.388244482502844, 1, 0.856396934
543, -1.0562517642974854, 5.19353618300766, 44, 60.947646616
545, -6.42646861076355, -5.371609704909533, 1, 0.865526037
546, -2.635944128036499, 0.46150514810993926, 44, 60.434897041
547, -8.260432720184326, -7.475982053843362, 1, 0.734394237
548, -2.6335291862487793, -1.1610009139939006, 1, 0.725948511
549, -5.953944683074951, -4.069725899202163, 1, 0.89756828
550, -4.539093732833862, -3.8063036278070124, 1, 0.852757206
551, -0.33668994903564453, 3.821736198510828, 46, 61.218125841
552, 1.6549854278564453, 4.541433904799915, 1, 0.878926518
553, -1.0161139965057373, 0.0007599458297153916, 48, 60.956910751
555, -8.216422080993652, -5.038696882320217, 1, 0.606115489
556, -6.2039570808410645, -1.1283284566013814, 1, 0.898827572
557, -6.583980560302734, -5.33252372533036, 1, 0.725039727
558, -3.6445322036743164, -2.4537065896970107, 1, 0.856706961
559, -4.856560468673706, -2.316046285925232, 1, 0.877272513
560, -2.053744316101074, -0.6443286296040109, 1, 0.723996722
561, -5.4936463832855225, -2.881040647985021, 1, 0.745238886
562, -6.268720984458923, -3.5107827343833224, 1, 0.858773948
563, -4.57616400718689, -1.6480303329808628, 1, 0.766712539
564, -3.363215446472168, -1.6247625322115877, 1, 0.926184728
565, -4.399644374847412, -2.4224169071664483, 1, 0.745913153
566, 0.9999966621398926, 3.3541661718753013, 1, 0.873501885
567, -1.9244368076324463, 5.548270866807358, 44, 60.852136261
568, -3.5075173377990723, -0.6223889428981701, 1, 0.750250663
569, -6.615962266921997, -5.0309225379390305, 1, 0.867201666
570, -1.6297118663787842, -0.41055630331338033, 1, 0.859501998
571, -5.890648365020752, -3.3409216910750015, 1, 0.737653643
572, -1.4985418319702148, 1.6150407164694789, 44, 60.191488968
573, -3.646467924118042, -2.339092600617623, 1, 0.844024535
574, -7.670284271240234, -7.014566369326687, 1, 0.749669065
575, -5.843364357948303, -3.9829227493162556, 1, 0.871701997
576, -4.0663111209869385, -1.5107099927977083, 1, 0.730034091
577, -3.56113338470459, -2.12442610856254, 1, 0.852831662
578, -4.974219083786011, -2.9493228562139095, 1, 0.875559996
580, -5.304754972457886, 0.5001069887501597, 45, 60.363631599
581, -5.239800691604614, -3.8571432654857, 1, 0.859116617
582, -6.063504695892334, -5.247831823347827, 1, 0.838240927
584, -1.9594101905822754, -0.1614944471260955, 1, 0.758970958
585, -5.938867807388306, -3.2302558517350595, 1, 0.898035895
586, -6.144900560379028, -3.5103756350370365, 1, 0.601812454
587, -5.812524318695068, -3.8700732235464175, 1, 0.874928236
588, -5.3761255741119385, -2.9916196385413736, 1, 0.864382212
589, -1.3791484832763672, 0.13088598292189912, 48, 60.702737085
590, -5.279160499572754, -2.859828513972168, 1, 0.762076462
591, -5.089726209640503, -4.614920917381321, 1, 0.84702857
592, 0.24342846870422363, 2.751587422993427, 1, 0.872834254
593, -8.09909451007843, -7.612884846237829, 1, 0.726703783
594, -1.75984525680542, 1.8673655456560567, 46, 61.754690932
595, -7.85774302482605, -5.733677573084303, 1, 0.732885865
596, -5.847860813140869, -4.896852245884357, 1, 0.75433106
597, -4.0220232009887695, -2.8950689317181437, 1, 0.761693334
598, -0.5375595092773438, 1.8995650137267597, 48, 60.758285754
599, -2.9495859146118164, -1.742592726258771, 1, 0.856966491
600, -6.306359529495239, -5.235376008538958, 1, 0.854747754
601, -5.7751171588897705, -2.1352434327121133, 1, 0.746638647
602, -5.153745174407959, -2.6985646522226556, 1, 0.87204318
603, -5.839559555053711, -4.845566326359509, 1, 0.736682383
604, -2.375967025756836, -0.7373423808424135, 1, 0.877969071
605, -3.991431713104248, -1.902776458513951, 1, 0.859486844
606, -2.349271774291992, 0.43140923745198867, 46, 60.566740357
607, -3.3239874839782715, -1.6675328681461221, 1, 0.734174727
608, -6.359035491943359, -3.6766960607991543, 1, 0.87719492
609, -4.875155210494995, -3.303970215013112, 1, 0.868988924
610, -4.707000732421875, -2.9603432245434607, 1, 0.754488117
611, 0.7510004043579102, 2.338617918693921, 1, 0.875684371
612, -4.913033962249756, -4.0255159326929455, 1, 0.728859489
613, -3.5644121170043945, -1.835566034909681, 1, 0.880936656
614, 0.1840674877166748, 2.914635665873761, 1, 0.870863732
615, -3.7410354614257812, -0.35863527820309216, 1, 0.771840027
616, -3.703847885131836, -1.9063406723825898, 1, 0.88257934
617, -6.514101505279541, -2.974979900153931, 1, 0.608448407
618, -5.039556980133057, -3.2469457451010104, 1, 0.859393235
619, -2.843301296234131, -1.2815297215061787, 1, 0.857436266
620, 0.04076671600341797, 1.856454534823845, 1, 0.739636624
621, -7.386169075965881, -6.312714279426771, 1, 0.866504205
622, -6.058912754058838, -4.047604492340158, 1, 0.879093904
623, -7.681565761566162, -6.45413556172617, 1, 0.747785984
624, -5.556783199310303, -3.0809628992547413, 1, 0.852776921
625, -2.910212278366089, -0.5782911701707505, 1, 0.763854074
626, 0.8734807968139648, 2.5414325190684877, 1, 0.862490175
627, -5.0714192390441895, -3.0922671978276357, 1, 0.714468609
628, -2.159877300262451, 0.44599985180998214, 46, 60.954938379
629, -0.03736400604248047, 2.735071113842767, 49, 60.989839357
630, 0.23924803733825684, 3.787707594857921, 1, 0.894020952
631, -2.7682044506073, 0.6619125835782724, 43, 60.463372368
632, -6.151602745056152, -5.301300670241039, 1, 0.849247642
633, -3.2817273139953613, -1.8396988788773516, 1, 0.728730778
634, -7.95519495010376, -6.073285121309574, 1, 0.87427027
635, -5.865016460418701, -4.241097871653821, 1, 0.703496455
636, -4.239742279052734, -1.7186091960883907, 1, 0.759270918
637, -5.646337509155273, -3.9693582008977417, 1, 0.727780883
638, -0.8111248016357422, 1.2221826032499434, 46, 60.460037698
639, -1.6365325450897217, 1.4620818533010498, 46, 60.361391947
640, -5.590289831161499, -3.2083700735059444, 1, 0.753293203
641, -3.8276398181915283, -1.342331555975619, 1, 0.900797288
642, -5.73280668258667, -5.026194777792575, 1, 0.76810485
643, -2.7940642833709717, -0.8694430921605063, 1, 0.78842871
644, -6.688649654388428, -5.356668794187479, 1, 0.738121714
645, -7.658935189247131, -6.862570818264298, 1, 0.875351152
646, -2.475558280944824, -1.017854991916058, 1, 0.869994751
647, -0.8478193283081055, 3.495083047683538, 44, 60.051772448
648, -6.097532510757446, -3.147560473252516, 1, 0.904290423
649, -4.028530836105347, -3.6071814597643668, 1, 0.829326584
650, -4.9111926555633545, -1.0242665365989883, 1, 0.61832187
651, -6.529094934463501, -2.7828040251592654, 1, 0.887609133
652, -4.589508056640625, -3.6608931231966984, 1, 0.588057538
653, -6.2890026569366455, -3.9168799336157174, 1, 0.88700307
654, -2.0594985485076904, -0.6128954834313731, 1, 0.864494456
655, -1.1477725505828857, -0.17667226674444825, 1, 0.743409151
656, -1.7378058433532715, -0.8450798304691598, 1, 0.853911942
657, -4.364295959472656, -3.388043887122557, 1, 0.71815409
658, -5.726863861083984, -5.052109023543168, 1, 0.877318756
659, -4.737057685852051, -3.513349231945378, 1, 0.587692175
661, -7.49325966835022, -5.466378810292291, 1, 0.883885205
662, -5.297499179840088, -1.9751724947985694, 1, 0.889742979
663, -4.99706506729126, -2.7681394236207337, 1, 0.603587232
664, -7.809124708175659, -5.665320609846027, 1, 0.885179784
665, -4.852508544921875, -3.15322585638283, 1, 0.747372798
666, -7.850483417510986, -6.958298183153289, 1, 0.862881615
667, -4.401787757873535, -0.7496972154744568, 1, 0.745796234
668, -2.030357837677002, 4.429741311185568, 44, 60.476037167
669, -1.9582886695861816, 0.8512799009301792, 46, 60.911145619
670, -4.554426431655884, -2.380928986625362, 1, 0.861472702
671, -7.022155284881592, -4.577292165957553, 1, 0.753703399
672, -4.526398181915283, -3.97078461333753, 1, 0.863444898
673, -6.547877550125122, -3.3433897836700344, 1, 0.879990144
674, -3.2439675331115723, -1.3656177375149152, 1, 0.743067059
676, -6.852938175201416, -4.2100817511237345, 1, 0.89569362
677, -6.9707136154174805, -5.270628618357637, 1, 0.596603445
678, -5.225313901901245, -4.219997599481154, 1, 0.839222932
679, -5.36130166053772, -4.476724102887564, 1, 0.724916105
680, -5.0504913330078125, -2.9063038569704265, 1, 0.886353669
681, -5.006901979446411, -3.1623160406121964, 1, 0.867433636
682, -5.573095321655273, -4.244581092582309, 1, 0.596388748
683, -7.3672109842300415, -4.377615578847586, 1, 0.894780607
684, -4.550086259841919, -2.643988991386336, 1, 0.747817895
686, -1.1017353534698486, 1.6753945674137936, 47, 61.052641085
687, -8.449862003326416, -7.524091395483754, 1, 0.731057127
688, -6.012583494186401, -4.242293139149803, 1, 0.883867695
689, -2.429678201675415, 0.9112843097253966, 46, 61.041541394
690, -0.49753665924072266, 7.399697420307357, 46, 60.462988978
691, -3.5437092781066895, -1.9387302193776934, 1, 0.750769387
693, 1.3898954391479492, 4.83106720314374, 1, 0.757110626
694, -3.504171371459961, -2.118529942887023, 1, 0.862533237
695, -7.207121133804321, -3.618582485206625, 1, 0.764122875
696, -4.429908752441406, 0.2990751328790493, 45, 60.249251695
697, -3.686154365539551, 1.2513935065875108, 44, 61.272048836
698, -5.9192869663238525, -4.189738106616533, 1, 0.879013075
699, -4.100212574005127, -1.5616212516215766, 1, 0.751159046
700, -0.6993117332458496, 0.8608124852730881, 47, 60.801432458
701, -3.431365728378296, 0.04302448794164171, 45, 60.632726263
702, -7.883031725883484, -7.489560674839192, 1, 0.708379692
703, -6.794354438781738, -3.806649234267412, 1, 0.886346084
704, -4.823307991027832, -2.8087190723399154, 1, 0.764653391
705, -5.675461769104004, -4.43623315873705, 1, 0.743623062
706, -6.51960825920105, -4.416356076944729, 1, 0.753650194
707, -6.5576395988464355, -3.5288648482048943, 1, 0.61031202
709, -5.1093809604644775, -3.5462770936835413, 1, 0.891482106
710, -6.846027374267578, -5.735064199298503, 1, 0.734861898
711, -3.2494006156921387, -2.3652849856011002, 1, 0.870760903
712, -4.564364433288574, -2.1165759968805578, 1, 0.879521648
713, -2.4622507095336914, -0.8963426260636527, 1, 0.739624795
714, -3.7272632122039795, -1.712959733740778, 1, 0.881611036
715, -3.9361510276794434, -2.305516606492109, 1, 0.750348704
716, -5.59035587310791, -3.38813789452708, 1, 0.875081711
717, 1.9901690483093262, 6.2616579402648025, 1, 0.910045442
719, -6.106792688369751, -5.472172867803441, 1, 0.741384719
720, -5.991804599761963, -5.527320888705929, 1, 0.861335326
722, -5.3121771812438965, -3.8389916719820216, 1, 0.742897032
723, -5.992021560668945, -5.188552330751028, 1, 0.884364594
724, -3.7882003784179688, -2.5734321670676454, 1, 0.753353546
725, -6.9406211376190186, -0.9595012178633073, 1, 0.921646817
726, -5.82982063293457, -0.7368626634450637, 1, 0.999692106
727, -1.0195846557617188, 3.3620600643574896, 44, 61.281304168
728, -6.393547058105469, -4.622711262837512, 1, 0.740017595
729, -2.781813144683838, -1.4906876582852369, 1, 0.884968295
730, -2.8736982345581055, 0.48802838384112235, 45, 60.347177716
731, -5.044008016586304, -2.5598611390829995, 1, 0.610142935
732, -6.543328285217285, -5.2596182646830325, 1, 0.886623691
733, -5.64900541305542, -4.443826922759312, 1, 0.727283628
734, -5.5932297706604, -3.9995527150111863, 1, 0.896720801
735, -3.689836025238037, -1.3901659054097837, 1, 0.891776743
736, -6.48890495300293, -3.852956275595014, 1, 0.779186484
737, -5.742773056030273, -4.892206918398017, 1, 0.871056385
738, -1.9408702850341797, 0.38767948687969245, 45, 60.259549397
739, -0.4301028251647949, 0.6811313345377785, 49, 61.247826798
740, -4.740140914916992, -2.542876649067029, 1, 0.912693027
742, -1.9502816200256348, -0.52464054133904, 1, 0.750804439
743, -9.5329087972641, -9.175032078817294, 1, 0.881119665
744, -8.779252529144287, -4.503339472190017, 1, 0.765313792
745, -5.816548824310303, -4.876709577662712, 1, 0.872614595
746, -6.702832221984863, -3.5433853476749775, 1, 0.782203238
747, -5.421173095703125, -2.79204414559237, 1, 0.916312536
748, -7.0024964809417725, -5.328707629006454, 1, 0.769261345
749, -4.306370258331299, -2.977852024013882, 1, 0.897628834
750, -4.689538955688477, 0.9964333565236219, 44, 60.187836488
751, -5.252035140991211, -3.9908072712492353, 1, 0.722935393
752, -3.0846080780029297, -2.3661640721714248, 1, 0.84918727
753, -4.2541022300720215, -2.396241383867601, 1, 0.740775197
754, -7.213006496429443, -6.169761354217723, 1, 0.730971131
755, -5.083266735076904, -0.6635411937806843, 1, 0.927278573
756, -5.7591047286987305, -1.0718253517554306, 1, 0.780603485
757, -4.023910999298096, -2.7000524161210238, 1, 0.889323638
758, -6.270385980606079, -4.252147212387332, 1, 0.748498084
759, -5.580395698547363, -4.315524105062063, 1, 0.88543239
760, -4.9548304080963135, -2.143641587219369, 1, 0.775299675
762, -4.4520697593688965, -3.282934099690667, 1, 0.872431149
763, -5.899862766265869, -4.8334185949853445, 1, 0.728790622
764, -4.783795118331909, -3.3381184959512087, 1, 0.884423689
765, -7.777471303939819, -6.107363836441698, 1, 0.746199713
766, -7.3326733112335205, -6.180874984888137, 1, 0.911436097
767, -3.33164119720459, -2.483031394430773, 1, 0.836773673
768, -5.6747965812683105, 0.7110575015034541, 44, 61.012299472
769, -6.870227932929993, -4.131861791938809, 1, 0.756620653
770, -7.58816123008728, -5.297882423461081, 1, 0.8869489
771, -8.818697452545166, -7.575725234121236, 1, 0.732087979
772, -2.697211265563965, -0.6734955907373932, 1, 0.908082719
773, -5.430812835693359, -2.2340896613226082, 1, 0.902390932
774, -6.652693033218384, -3.8050055624931156, 1, 0.627736786
775, -1.0120701789855957, 4.391893190631883, 45, 60.7288252
776, -2.728386878967285, -1.869452001574661, 1, 0.719518028
777, -4.189491033554077, -3.2095137561839038, 1, 0.878339542
778, -4.874300718307495, -2.4964238498056686, 1, 0.759387921
779, -6.4006667137146, -5.477660698618052, 1, 0.867027644
780, -4.575322151184082, -0.32587349792596854, 1, 0.765482474
781, -1.6954045295715332, 0.07821989652283978, 49, 60.723985083
782, -1.4129581451416016, 1.6136203329141243, 45, 61.163728172
783, -5.1164093017578125, -4.519809549433298, 1, 0.878766426
784, -6.940755009651184, -3.425498814441946, 1, 0.918655698
785, -5.941578149795532, -5.263328967916338, 1, 0.745657216
786, -3.704568862915039, -2.069461101327747, 1, 0.889501364
787, -1.6130658388137817, 2.357568196176105, 46, 61.059745372
788, -3.342329502105713, -2.6610892725813473, 1, 0.888600874
789, -6.541905641555786, -4.4439693110627605, 1, 0.900580645
790, -4.200329303741455, -1.0000308839544956, 1, 0.764180646
791, -4.819791316986084, -2.0324620558549427, 1, 0.90786627
792, -1.428560733795166, 2.8742951211392294, 44, 60.899641548
793, -9.018324971199036, -8.413442958120177, 1, 0.882474305
794, -6.213512659072876, -5.48371244783152, 1, 0.729878717
795, -7.504587650299072, -6.972411664814361, 1, 0.89602071
796, -1.101332187652588, 1.1254589605455179, 47, 60.327291991
797, -8.454143524169922, -7.795293759083698, 1, 0.726779753
798, -4.8780903816223145, -0.4649205293382481, 1, 0.94091486
799, -4.720550537109375, -2.0775869697396727, 1, 0.754471963
800, -6.130014896392822, -5.14930709133088, 1, 0.899208513
801, -3.7714977264404297, -2.520980418884746, 1, 0.777689293
802, -5.592149972915649, -4.83789363763224, 1, 0.931289253
803, -5.167203903198242, -1.5644906668986334, 1, 0.747561388
804, -5.862016916275024, -4.655083665445369, 1, 0.927852284
805, -5.005447268486023, -3.6729038360937305, 1, 0.883079852
806, -7.349951267242432, -5.582699660599939, 1, 0.768265187
807, -3.6642560958862305, -2.1138552980992267, 1, 0.888745123
808, -5.660605430603027, -4.534903375607952, 1, 0.741072402
809, -6.007748603820801, -5.441879943647775, 1, 0.880997869
810, -4.291207551956177, 1.5213257148258554, 43, 61.52059411
811, -0.5184774398803711, 0.5134023468707491, 47, 60.759648927
812, -5.453082084655762, -3.929776985768618, 1, 0.751141797
813, -6.909476280212402, -6.385203827599928, 1, 0.89029059
814, -2.8906521797180176, -0.9730519366838872, 1, 0.730786211
815, -6.807594299316406, -4.329827131126066, 1, 0.926320284
816, -6.505855083465576, -5.282767900816939, 1, 0.741211854
817, -7.462258815765381, -6.572903363987889, 1, 0.908683529
818, -2.789425849914551, -1.7773273406425836, 1, 0.737840449
819, -3.7676639556884766, -0.9899425406268509, 1, 0.925181497
820, -5.8015735149383545, -4.775263286699428, 1, 0.747830034
821, -5.267994403839111, -3.159339170685241, 1, 0.91280441
822, -5.390646934509277, -3.2054693970926955, 1, 0.901224503
823, -6.909764289855957, -5.440731453005809, 1, 0.616684392
824, -2.8582212924957275, -1.6033173871981194, 1, 0.879000079
825, -5.5912933349609375, -0.8792986740550939, 1, 0.798715986
826, -5.123448848724365, -2.408204041466833, 1, 0.756907366
827, -7.517590522766113, -4.296293371403216, 1, 0.773627698
828, -4.471372604370117, 1.8142998034388382, 42, 60.503426788
829, -4.860899925231934, -1.9559037279961564, 1, 0.90449235
830, -1.4708750247955322, 1.7441647664069615, 44, 60.080676714
831, 1.9126229286193848, 8.608562933146349, 1, 0.778951635
832, -5.9408040046691895, -3.1581292006926462, 1, 0.915701433
833, -4.952808856964111, -1.277682033138361, 1, 0.618866949
834, -2.231098175048828, 1.7091299366506907, 45, 60.543908678
835, -3.116281509399414, 0.4788503641171058, 46, 60.755589554
836, -3.7758474349975586, 2.100482064949553, 46, 60.657253274
837, -5.719202756881714, -1.1908531186975786, 1, 0.930188374
838, -3.615959644317627, -0.7715368843568045, 1, 0.924714899
839, -3.9662532806396484, -2.7192336476400687, 1, 0.761942945
841, -5.62689471244812, -3.096494542647957, 1, 0.916581524
842, -5.429631233215332, -1.4586294320879212, 1, 0.639414052
843, -4.306529521942139, -0.68564722116799, 1, 0.919258029
844, -5.460550785064697, -4.489587012299539, 1, 0.749429714
846, -6.911458373069763, -6.066569191229992, 1, 0.873470534
847, -2.221553325653076, -0.5312963725901478, 1, 0.755984961
848, -5.490492820739746, -2.4245296252090194, 1, 0.908260486
849, -5.302975177764893, -1.4104469385009333, 1, 0.774560295
850, -6.115897178649902, -5.155680218966798, 1, 0.89110715
851, -7.098016738891602, -4.712132285942719, 1, 0.767245149
852, -7.207372188568115, -5.743182306213177, 1, 0.903507974
853, -4.979403734207153, -0.34583986654003507, 1, 0.625326232
854, -5.914856195449829, -3.0716454391226096, 1, 0.741153495
855, -5.599058628082275, -4.67277408231306, 1, 0.741725299
856, -7.070601463317871, -5.420596407958872, 1, 0.889720691
857, -4.545392036437988, -2.463064528915915, 1, 0.605941577
858, 0.18306255340576172, 2.9750863906886056, 1, 0.907260859
859, -3.8243422508239746, -2.447373192001866, 1, 0.736424763
860, -4.228253364562988, -1.634928639137275, 1, 0.775555707
861, -7.275416374206543, -5.635621411548049, 1, 0.897567382
862, -6.084843397140503, -1.4222636527279118, 1, 0.81171381
863, -6.113046884536743, -4.2189866597760455, 1, 0.908112456
864, -4.029003620147705, -1.2255954323147984, 1, 0.765869323
865, -5.569631576538086, -5.2119349726284785, 1, 0.870382235
866, -5.265766382217407, -3.9649136484517262, 1, 0.748146607
867, -2.326842784881592, -0.6266186829580493, 1, 0.894759964
868, -3.545475482940674, -1.6938407801777013, 1, 0.750107048
869, -5.259714841842651, -2.841709854841331, 1, 0.907275509
870, -3.050839900970459, -2.211060135936775, 1, 0.735958127
871, -2.267482280731201, 1.0181843435954683, 44, 60.174326929
872, -7.445116996765137, -7.120460328100255, 1, 0.877796101
873, -2.809722900390625, -1.6395212623111002, 1, 0.735199172
874, -4.207336664199829, -2.918696695641167, 1, 0.903956952
875, -2.8267922401428223, -0.12360022599711318, 1, 0.784265942
876, -3.1236186027526855, -1.4630956868551341, 1, 0.892459418
877, -3.8469769954681396, -3.313149915940315, 1, 0.716289651
878, 1.5415396690368652, 3.2400568407914565, 1, 0.885042345
879, -3.068297863006592, -2.579078068306085, 1, 0.822236675
880, -5.425585746765137, -3.284039154421235, 1, 0.910464521
881, -5.209259033203125, -1.869925876813277, 1, 0.747820191
882, 2.4659781455993652, 4.954386766514983, 1, 0.908213285
883, -1.8344998359680176, 2.5758216045047173, 45, 60.89429094
884, -1.5390491485595703, 2.8309138336429243, 43, 60.255471578
885, -5.170924425125122, -3.316941484341389, 1, 0.928974138
886, -5.455593109130859, -3.1383519134076043, 1, 0.920099173
887, -4.686307430267334, -2.8933010757473356, 1, 0.757946595
888, -4.63962984085083, -3.552718749034911, 1, 0.897663024
889, -6.229764938354492, -4.524345683354623, 1, 0.766757653
890, -7.06190037727356, -4.842200406206057, 1, 0.925144669
891, -1.616896629333496, 0.37965331758033116, 45, 61.260566522
892, -4.850541591644287, -2.83709539199578, 1, 0.750734903
893, -5.37177038192749, -4.25026599267592, 1, 0.902477135
894, -4.430802822113037, -0.8668777097046632, 1, 0.618544392
895, 0.5564241409301758, 1.5824387972947558, 1, 0.882901245
896, -3.439389228820801, -2.5759173921134284, 1, 0.72516727
897, -4.6555153131484985, -3.031762963213446, 1, 0.913045091
898, -8.775720119476318, -7.54771053397133, 1, 0.742016321
899, -1.980661392211914, -0.319515269758317, 1, 0.935080049
900, -5.4596052169799805, -4.80254669774064, 1, 0.719983559
901, -1.3005595207214355, 3.96638909992477, 45, 61.025622782
902, -4.567622423171997, -3.697255435077417, 1, 0.897195636
903, -2.863023519515991, 0.939416645764505, 45, 61.141630044
904, -0.7471003532409668, 0.8685400294423244, 48, 60.490292675
905, -5.571763277053833, -4.6738808892410395, 1, 0.740936808
906, -6.46116304397583, -5.36914579410795, 1, 0.900734935
907, -3.5450668334960938, -2.044012772011331, 1, 0.599272154
908, -5.291977882385254, 1.5423483088003165, 43, 60.825332068
909, -7.495729207992554, -5.393767033345094, 1, 0.761153434
910, -3.3775906562805176, 0.9408104599450962, 45, 60.578425563
911, -7.169314384460449, -5.646704114400082, 1, 0.926431753
912, -5.019519329071045, -3.5110796707299348, 1, 0.755034814
913, -6.814100742340088, -5.743302349977386, 1, 0.910603031
914, -4.346637964248657, -2.776653984972129, 1, 0.776816784
915, -6.7825939655303955, -4.410525248011955, 1, 0.922607621
916, -4.791895031929016, -2.150453382821604, 1, 0.781078242
917, -4.56052041053772, -2.120512539747877, 1, 0.919731462
918, -6.490415096282959, -3.4804144339757195, 1, 0.638807071
919, -6.942636013031006, -0.7596759681955456, 1, 0.947303524
920, -4.25126576423645, -0.2815206078199468, 1, 0.775637614
921, -4.888066291809082, 1.0673812119476942, 48, 60.209009898
922, -3.7681236267089844, -2.1751652823709624, 1, 0.764865243
923, -2.8552136421203613, -0.8155978275532747, 1, 0.984826812
924, -7.71368932723999, -7.2789472859415785, 1, 0.737737485
926, -7.833718538284302, -6.61247883674027, 1, 0.949702591
927, -0.26357245445251465, 1.4979688352932272, 43, 60.704715095
928, -6.757940292358398, -5.648207978700574, 1, 0.938949973
929, -4.05446457862854, -1.4629201938498357, 1, 0.806363688
930, -4.735143423080444, 0.6461818572217073, 43, 61.076415938
931, -3.438722848892212, 0.36490981437339265, 40, 60.67315375
932, -3.3278207778930664, -0.03689883663215188, 1, 0.954959284
933, -4.195494890213013, -2.622392207404047, 1, 1.070388625
934, -6.160210132598877, -4.646655273177666, 1, 0.900558552
935, -5.38908576965332, -4.485160503409324, 1, 1.061044452
936, -5.438686847686768, -3.2570224956904883, 1, 0.75700666
937, -1.316174030303955, 1.5285673391818042, 44, 60.796915541
938, -6.98242712020874, -5.926968921925633, 1, 0.735425506
939, 0.7672638893127441, 2.371646266241372, 1, 0.940433041
940, -2.102903366088867, -1.0867780233046944, 1, 0.723002813
941, -4.83735466003418, -3.1092438497283, 1, 0.922734176
942, -6.623749017715454, -4.164340482665733, 1, 0.594911388
943, -6.773325443267822, -4.213251318256196, 1, 0.942041462
944, -5.948617935180664, -2.4007689142922013, 1, 0.747058677
945, -1.2699310779571533, 1.7505530152578324, 44, 61.293661726
946, -6.776114463806152, -6.208590662670042, 1, 0.729430938
947, -4.524301052093506, -2.653789374486385, 1, 0.936317971
948, 0.10734081268310547, 0.925274178684452, 1, 0.729763694
949, -7.0596007108688354, -3.771521307871791, 1, 0.772154466
950, -6.526227831840515, -2.4155563415865062, 1, 0.967046937
951, -0.47667694091796875, 1.3164279699937813, 46, 60.70198778
952, 1.1481902599334717, 4.3714555456405275, 1, 0.760750211
953, -0.07138633728027344, 2.356136509448254, 44, 61.020814208
954, -6.921332597732544, -5.528472265508501, 1, 0.751055322
955, -4.827153205871582, 0.2868445074394588, 45, 61.032527135
956, -3.230693817138672, -1.7131390707062675, 1, 0.743810096
958, -0.8862900733947754, 0.5908304035423884, 47, 61.364823541
959, -2.390575408935547, -0.5287837751843516, 1, 1.00097515
960, 0.8817949295043945, 5.588002677162864, 1, 0.777428361
961, -3.982706069946289, 0.5147669959061503, 44, 60.567132343
962, -6.658025026321411, -5.438446787537826, 1, 0.918559074
963, -1.0495834350585938, 4.488366392846931, 45, 60.019678016
964, -2.702803134918213, 4.2995294698665685, 46, 60.399025232
965, -3.330101251602173, 5.871248716671238, 43, 60.085998122
967, -1.9797215461730957, 1.3535501509258014, 45, 61.250315811
968, -6.183223724365234, -1.7744932357199668, 1, 0.973247092
969, -5.449227571487427, -3.055925894820633, 1, 0.760201168
970, 1.387554407119751, 6.427782961128681, 1, 0.966606162
971, -3.9809439182281494, -2.071565581945476, 1, 0.755312612
972, -6.353379249572754, -5.704488619851506, 1, 0.92657509
973, -8.890250444412231, -8.455421612848617, 1, 0.715965322
974, -7.556157827377319, -5.718757413760542, 1, 0.738248985
975, -5.8430798053741455, -4.689733117119879, 1, 0.955872361
976, -1.9448051452636719, -0.9244797780153777, 1, 0.735490661
977, -5.884806871414185, -4.041783075250191, 1, 0.954525493
978, -3.6983065605163574, -1.01688088728533, 1, 0.786419989
979, -6.4853105545043945, -5.713963485499599, 1, 0.927824584
980, -5.8592963218688965, -2.9424433813325646, 1, 0.755202116
981, -3.6963257789611816, -2.0147196083671046, 1, 0.94339335
982, -6.007576942443848, -5.311573531202673, 1, 0.742017775
983, -2.1610002517700195, -0.6593605215451959, 1, 0.737343807
984, -2.9451403617858887, -0.74190866873702, 1, 0.969179566
985, -7.802411079406738, -3.53429554232222, 1, 0.763234137
986, -6.968255519866943, -6.008752765117732, 1, 0.921857416
987, -7.9485344886779785, -6.619773300574229, 1, 0.746073442
988, -6.492452144622803, -2.9726915266077354, 1, 0.801963402
989, -4.1107261180877686, 2.571164676045502, 42, 60.529599915
990, -3.5772719383239746, -0.09733594855596017, 1, 0.763596965
991, -0.26970577239990234, 1.6121975670326276, 45, 60.432689073
992, -6.70338249206543, -4.792999031911593, 1, 0.930886043
993, 1.6506381034851074, 4.033880504897164, 1, 0.741650646
994, -6.786556005477905, -5.209505845865846, 1, 0.943251925
995, -2.518303394317627, 0.0941786371279103, 47, 60.732017355
996, -4.534416675567627, -3.377485717965271, 1, 0.73769577
997, -6.2446160316467285, -4.768446415497184, 1, 0.729715756
998, -8.961299419403076, -8.673436473942349, 1, 0.944495797
999, -0.19010591506958008, 1.477568503266908, 47, 61.239226083
1000, -2.984722137451172, 0.8064048994111128, 43, 60.113456393
